#Number,Name Prefix,Name,Given Name,Additional Name,Family Name,email,Username,NationalID,JobTitle,Company,Department
1,Mr.,達維 盈 周,達維,盈,周,ZhouTiYi@getafix.tk,Daunt1976,471-12-7163,Water transportation mate,Pointers,Pre-Sales
2,Mr.,姿瑩 雅 佘,姿瑩,雅,佘,SheZiYing@getafix.tk,Ougur1969,175-03-8562,Process technician,Wellby,Product
3,Ms.,子萱 昇 王,子萱,昇,王,WangZiXuan@getafix.tk,Combid,564-12-2835,Underwriter,Red Baron Electronics,Engineering
4,Mr.,芊曄 晉 閻,芊曄,晉,閻,YanQianYe@getafix.tk,Yousiside,568-57-4920,Nursing aide,Sports Unlimited,Management
5,Mr.,俞斐 姿 康,俞斐,姿,康,KangShuFei@getafix.tk,Whorele,648-14-4062,Silvering applicator,National Record Mart,Sales
6,Ms.,秀倩 振 薛,秀倩,振,薛,XieXiuQing@getafix.tk,Faillie,519-33-0685,Aircraft engineer,Signa Air,Corporate
7,Mr.,棋茗 君 韋,棋茗,君,韋,HuiJiMing@getafix.tk,Tivents,178-62-6587,Health care translator,Big Bear Stores,Pre-Sales
8,Ms.,孝慈 齡 白,孝慈,齡,白,BoXiaoCi@getafix.tk,Sudishild,353-66-6871,Podiatric medical assistant,House Works,Pre-Sales
9,Mrs.,德依 雅 姚,德依,雅,姚,YaoDeYi@getafix.tk,Faccon,772-14-4709,LAN administrator,Rainbow Bay Crafts,ESM
10,Mrs.,怡萱 瑋 符,怡萱,瑋,符,FuYiXuan@getafix.tk,Thated,531-17-7517,Private household cook,Just For Fun,CustService
11,Dr.,雅琪 忠 田,雅琪,忠,田,TianYaQi@getafix.tk,Suggetsmence,543-88-6608,Linguistic anthropologist,Vinyl Fever,Corporate
12,Mr.,薇倫 晏 杜,薇倫,晏,杜,DuWeiLun@getafix.tk,Bued1950,404-25-5101,Arc cutter,Naturohair,Pre-Sales
13,Mr.,忠記 詩 邱,忠記,詩,邱,QiuZhongJi@getafix.tk,Plase1966,443-78-3008,Paymaster,Millenia Life,CustService
14,Ms.,淑玲 俊 戴,淑玲,俊,戴,DaiChuLing@getafix.tk,Folettelver,524-54-7998,Nursery worker,Susie's Casuals,Marketing
15,Mr.,胤隆 焙 丁,胤隆,焙,丁,ZhengYinLong@getafix.tk,Gilleach,658-18-4192,Job service consultant,Erlebacher's,Corporate
16,Mrs.,晏瑜 旅 萬,晏瑜,旅,萬,WanYanYu@getafix.tk,Cersecove,627-96-3047,Medical transcriptionist,Del Farm,Pre-Sales
17,Mr.,貿昌 君 蔡,貿昌,君,蔡,CaMaoChang@getafix.tk,Sonfeaughe,593-62-1449,Collector,Argus Tapes & Records,ESM
18,Mr.,培鈞 儒 任,培鈞,儒,任,RenPouJun@getafix.tk,Bleall,682-09-2113,Travel agent,Star Merchant Services,PS
19,Ms.,雅琪 隆 胡,雅琪,隆,胡,HuYaQi@getafix.tk,Trome1972,678-09-0282,Patient representative,Superior Interior Design,Management
20,Ms.,雅婷 瑋 鄧,雅婷,瑋,鄧,DengYaTing@getafix.tk,Mustent1947,426-27-1062,Credit manager,Shoe Town,CustService
21,Mrs.,詩涵 庭 董,詩涵,庭,董,ZhongShiHan@getafix.tk,Loveducked,669-30-6687,Control and valve installer,China Coast,Pre-Sales
22,Mr.,芊曄 丹 賈,芊曄,丹,賈,GuQianYe@getafix.tk,Prinfordied47,102-64-5849,Custodial worker,LoRay,Pre-Sales
23,Mr.,雅恩 佳 錢,雅恩,佳,錢,JianYaEn@getafix.tk,Hichit,469-62-3575,Dance captain,Aaronson Furniture,Pre-Sales
24,Mr.,御儂 縈 譚,御儂,縈,譚,TanYaNong@getafix.tk,Thispered,620-51-2325,Postmaster,Newhair,Engineering
25,Mr.,雅恩 子 黎,雅恩,子,黎,LiYaEn@getafix.tk,Thassences,615-27-6906,Trauma nurse,Del Farm,Corporate
26,Mrs.,虹均 邕 許,虹均,邕,許,HuGongYun@getafix.tk,Surs1984,223-80-2269,Webmaster,Best Biz Survis,Product
27,Mrs.,雅婷 伯 施,雅婷,伯,施,YiYaTing@getafix.tk,Andeld86,594-87-8897,Examiner,Chase Pitkin,Corporate
28,Mr.,冠宇 育 段,冠宇,育,段,DuanGuanYu@getafix.tk,Evenever,401-14-8471,Textile bleaching and dyeing machine operator,Plunkett Home Furnishings,Management
29,Mrs.,子萱 伯 邱,子萱,伯,邱,QiuZiXuan@getafix.tk,Vithopipatch,472-80-2592,Asset property manager,National Lumber,Support
30,Mrs.,雅婷 薇 袁,雅婷,薇,袁,YuanYaTing@getafix.tk,Wherieving,762-01-5164,Mental health counselor,Quest Technology Service,ESM
31,Mr.,瓊之 鈺 秦,瓊之,鈺,秦,QinXuanZhi@getafix.tk,Factiven98,621-86-2581,Property manager,Seamans Furniture,Support
32,Ms.,郁婷 達 葉,郁婷,達,葉,SheYuTing@getafix.tk,Ancery,225-81-1640,Orthotist,Terra Nova Garden Services,ESM
33,Ms.,君如 建 葉,君如,建,葉,SheJunRu@getafix.tk,Hatherst1948,592-42-3295,Compliance officer,Planetbiz,PS
34,Dr.,嬿婷 庭 錢,嬿婷,庭,錢,JianYanTing@getafix.tk,Squits48,284-88-2265,DEA agent,Jafco,ESM
35,Ms.,子萱 敏 龔,子萱,敏,龔,GongZiXuan@getafix.tk,Lacent69,414-67-7766,Payroll coordinator,Pantry Pride,ESM
36,Ms.,晉唯 騰 劉,晉唯,騰,劉,FuJinWei@getafix.tk,Sithered,024-05-0858,Stonemason,Monk Home Funding Services,Support
37,Mrs.,詩婷 維 孔,詩婷,維,孔,KongShiTing@getafix.tk,Ganythat,493-48-4401,Teacher assistant,Almacs,CustService
38,Mr.,啟序 正 倪,啟序,正,倪,NiZheXu@getafix.tk,Joughty,509-96-4536,Conference service coordinator,Pay'N Takeit,Corporate
39,Mr.,聆 淑 邵,聆,淑,邵,ShaoLing@getafix.tk,Clis1993,471-33-5469,Nurse specialist,Hudson's MensWear,Pre-Sales
40,Mr.,承翰 宜 黃,承翰,宜,黃,HuangZhengHan@getafix.tk,Fincire,688-01-9982,Marketing manager,Handyman,Engineering
41,Mr.,世一 珮 顧,世一,珮,顧,GuShiYi@getafix.tk,Whislove68,042-06-4237,Government accountant,ABC Markets,ESM
42,Mr.,偉鈴 婉 杜,偉鈴,婉,杜,DuWeiLing@getafix.tk,Abot1935,310-70-7547,U.S. Deputy Marshal,Brown Derby,ESM
43,Dr.,啟業 瑋 史,啟業,瑋,史,ShiZheYe@getafix.tk,Tays1972,373-17-3416,Property manager,William Wanamaker & Sons,Sales
44,Mrs.,詩婷 啟 馬,詩婷,啟,馬,MaShiTing@getafix.tk,Difeed1936,363-02-7538,Seismologist,Luria's,Corporate
45,Mr.,家正 中 陳,家正,中,陳,ZhenGuZheng@getafix.tk,Somptince,291-58-7151,Gerontology social worker,Beefsteak Charlie's,Corporate
46,Mr.,溱儀 美 閻,溱儀,美,閻,YanQinYi@getafix.tk,Uping1996,680-16-8286,Tire changer,Elm Farm,Management
47,Mr.,仕達 宜 馬,仕達,宜,馬,MaShiTi@getafix.tk,Ornise,472-48-8140,Administrative support manager,Planet Pizza,Pre-Sales
48,Mr.,博庶 雅 武,博庶,雅,武,WuBoShu@getafix.tk,Theried49,320-50-1392,Mail machine operator,Laura Ashley,Support
49,Ms.,于倩 姿 周,于倩,姿,周,ZhouXuQing@getafix.tk,Expon1958,372-01-5605,Office helper,Jack Lang,Pre-Sales
50,Ms.,鈺婷 志 張,鈺婷,志,張,ZhangYuTing@getafix.tk,Carturestry,404-55-7250,Administrative law judge,Market Basket,ESM
51,Mrs.,瑋婷 怡 孟,瑋婷,怡,孟,MengWeiTing@getafix.tk,Prols1954,491-96-7451,Nurse educator,Lindsley's Lumber,CustService
52,Ms.,詩婷 昱 羅,詩婷,昱,羅,LuoShiTing@getafix.tk,Duch1951,292-11-2175,Small engine service technician,Price's Electronics,Corporate
53,Ms.,惠如 建 丁,惠如,建,丁,ZhengHuiRu@getafix.tk,Inart1997,349-20-3157,Office support secretary,All Wound Up,Management
54,Mr.,家正 文 許,家正,文,許,HuGuZheng@getafix.tk,Smilley,346-68-7631,Architectural drafter,Nedick's,Marketing
55,Ms.,佩蓉 靖 顧,佩蓉,靖,顧,GuPeiRong@getafix.tk,Invic1998,262-10-4476,Timekeeper,All Wound Up,PS
56,Ms.,安庭 淑 施,安庭,淑,施,YiAnTing@getafix.tk,Ravencers,522-26-0767,Utility meter reader,Alert Alarm Company,ESM
57,Mr.,伯諺 中 賈,伯諺,中,賈,GuBaYan@getafix.tk,Utupost,679-05-5315,Climatologist,Brooks Fashions,CustService
58,Mr.,馨儀 儒 康,馨儀,儒,康,KangXingYi@getafix.tk,Decomely,209-62-1010,Material recording,Sholl's Colonial Cafeteria,Corporate
59,Ms.,盈均 芊 羅,盈均,芊,羅,LuoYingYun@getafix.tk,Whiressawd,039-56-6359,Employer relations representative,Big Apple,CustService
60,Mr.,玠宇 宛 鍾,玠宇,宛,鍾,ZhongJieYu@getafix.tk,Sheardiscas,126-18-9763,Meteorologist,Laneco,Management
61,Mrs.,婷婷 治 鄭,婷婷,治,鄭,ZhengTingTing@getafix.tk,Sicisom,519-92-1431,Image designer,Asian Solutions,Support
62,Ms.,馥羽 軒 呂,馥羽,軒,呂,LuBiHu@getafix.tk,Combis,350-14-3647,Orthodontist,Cavages,Sales
63,Mr.,建宏 佩 龍,建宏,佩,龍,MangJianHong@getafix.tk,Suremposelve,632-20-9459,Regional geographer,Sound Warehouse,Pre-Sales
64,Mrs.,佩宜 昱 符,佩宜,昱,符,FuPeiYi@getafix.tk,Fichistas,395-72-4333,Aeronautical engineer,Simply Appraisals,CustService
65,Mr.,昱志 子 金,昱志,子,金,JinYiZhi@getafix.tk,Tened1963,271-20-3253,Personnel coordinator,Madcats Music & Books,Engineering
66,Mrs.,虹均 承 莊,虹均,承,莊,ZhuangGongYun@getafix.tk,Ablem1955,270-42-2449,Bus dispatcher,Market Basket,Sales
67,Ms.,雅琪 思 龔,雅琪,思,龔,GongYaQi@getafix.tk,Squirequisen,312-25-9446,Singer,Square Circle,Engineering
68,Mr.,信宏 欣 曾,信宏,欣,曾,ZengShenHong@getafix.tk,Ourty1969,624-07-7315,Financial investigator,Warehouse Club Inc.,PS
69,Mrs.,怡婷 哲 尹,怡婷,哲,尹,YinYiTing@getafix.tk,Lightforgee60,401-68-6451,Health physicist,Incluesiv,Management
70,Mr.,威任 中 陸,威任,中,陸,LiuWeiRen@getafix.tk,Dienteor,203-24-7668,Apartment manager,Mission You,Sales
71,Ms.,艾竹 家 唐,艾竹,家,唐,TangYiZhu@getafix.tk,Coluch1964,379-54-9701,Teaching assistant,Strong Life,Management
72,Mr.,孟哲 佳 馮,孟哲,佳,馮,PingMengZhe@getafix.tk,Thessaw,531-01-9822,School superintendent,Schaak Electronics,Pre-Sales
73,Ms.,雅琪 姿 彭,雅琪,姿,彭,PengYaQi@getafix.tk,Garring,480-34-2906,CNC operator,King Carol,Corporate
74,Ms.,雅琪 雍 邱,雅琪,雍,邱,QiuYaQi@getafix.tk,Prichill,264-61-5822,Delivery services truck driver,Big Apple,Sales
75,Mr.,安沛 心 侯,安沛,心,侯,HouAnPei@getafix.tk,Diong1951,680-22-6419,Aeronautical drafter,Road Runner Lawn Services,Engineering
76,Mr.,振翔 琬 江,振翔,琬,江,JiangZhenXiang@getafix.tk,Saillower,466-04-0087,School teacher,The Warner Brothers Store,PS
77,Mr.,威任 雅 袁,威任,雅,袁,YuanWeiRen@getafix.tk,Sout1966,652-30-8808,Computer hardware engineer,Merry-Go-Round,PS
78,Ms.,溫馨 敬 吳,溫馨,敬,吳,WuWenXing@getafix.tk,Casks1940,662-03-5378,Financial controller,Vitamax Health Food Center,Corporate
79,Mr.,馨儀 怡 嚴,馨儀,怡,嚴,YanXingYi@getafix.tk,Leffift,643-16-3075,Facilities coordinator,Crazy Tiger,Support
80,Mrs.,中薇 志 盧,中薇,志,盧,LuZhongWei@getafix.tk,Misfort,026-46-6881,Marine,Jitney Jungle,Product
81,Ms.,嬿朱 穎 江,嬿朱,穎,江,JiangYanShu@getafix.tk,Andents,595-47-7032,Electronic reporter,Packer,Support
82,Ms.,恆慈 千 沈,恆慈,千,沈,TanHengCi@getafix.tk,Seenteage,149-96-0746,Safety engineer,Adapt,Sales
83,Mrs.,雅玲 莊 田,雅玲,莊,田,TianYaLing@getafix.tk,Strats,653-20-7015,Systems analyst,Schaak Electronics,CustService
84,Ms.,雅涵 棋 程,雅涵,棋,程,ChengYaHan@getafix.tk,Glies1952,505-45-4585,Conciliator,Piece Goods Fabric,Sales
85,Mr.,建宏 雅 邱,建宏,雅,邱,QiuJianHong@getafix.tk,Anclow,573-26-9929,Sampler,Star Interior Design,Product
86,Ms.,嬿朱 淳 彭,嬿朱,淳,彭,PengYanShu@getafix.tk,Posseptiche,611-98-0798,Architect,Big Wheel,ESM
87,Ms.,雅雯 淑 廖,雅雯,淑,廖,LiaoYaWen@getafix.tk,Mignate,440-32-8352,Labor contractor,Adapt,Product
88,Mr.,淑貞 宜 丁,淑貞,宜,丁,ZhengChuZhen@getafix.tk,Mach1961,230-20-3191,Adult secondary education teacher,Budget Power,Product
89,Mr.,逸華 錦 丁,逸華,錦,丁,ZhengYiHua@getafix.tk,Olvery,626-05-4795,Range manager,Red Bears Tavern,CustService
90,Mr.,培鈞 子 吳,培鈞,子,吳,WuPouJun@getafix.tk,Grout1986,760-01-2163,Fishing vessel operator,Express Merchant Service,Engineering
91,Mrs.,佳慧 怡 韓,佳慧,怡,韓,HanJiaHui@getafix.tk,Astondis,610-78-5843,Statistician,Peaches,ESM
92,Mr.,伯諺 雅 蔡,伯諺,雅,蔡,CaBaYan@getafix.tk,Guly1956,228-10-1905,Employment specialist,Pro Star Garden Management,CustService
93,Mr.,冠宇 書 于,冠宇,書,于,XuGuanYu@getafix.tk,Thingety,454-18-8757,Cleaning supervisor,Schweggmanns,Sales
94,Mrs.,淑茹 瑋 姜,淑茹,瑋,姜,JiangChuRu@getafix.tk,Worty1959,665-03-6538,Metallurgical engineer,Rustler Steak House,Sales
95,Mr.,治平 琬 謝,治平,琬,謝,XieYiPing@getafix.tk,Thavitage,465-53-3653,Industrial engineering technician,Circus World,Pre-Sales
96,Ms.,維亭 哲 薛,維亭,哲,薛,XieYiTing@getafix.tk,Plardwitted,118-10-8267,Adjuster,Kragen Auto Parts,Product
97,Mr.,瓊之 宛 龍,瓊之,宛,龍,MangXuanZhi@getafix.tk,Sherid,291-20-1218,Adult secondary education teacher,Flagg Bros. Shoes,Product
98,Dr.,書媺 俞 林,書媺,俞,林,LinShuMei@getafix.tk,Marging,322-48-8498,Receptionist,Alexander's,Pre-Sales
99,Mr.,敬堯 鈺 賀,敬堯,鈺,賀,HeJingYao@getafix.tk,Opirted,033-66-5813,Political analyst,Desmonds Formal Wear,Corporate
100,Mr.,啟業 秀 楊,啟業,秀,楊,YangZheYe@getafix.tk,Thansets,322-24-7969,Guidance counselor,Vibrant Man,Sales